/* 리워드 옵션 */
DROP TABLE R_OPTION 
	CASCADE CONSTRAINTS;

/* 투자 옵션 */
DROP TABLE I_OPTION 
	CASCADE CONSTRAINTS;

/* 리워드 창고지기 */
DROP TABLE R_KEEPER 
	CASCADE CONSTRAINTS;

/* 리워드 기본정보 */
DROP TABLE R_META 
	CASCADE CONSTRAINTS;

/* 게시물 */
DROP TABLE POST 
	CASCADE CONSTRAINTS;

/* 리워드프로젝트 */
DROP TABLE R_PROJECT 
	CASCADE CONSTRAINTS;

/* 투자결제 */
DROP TABLE INVEST_PAY 
	CASCADE CONSTRAINTS;

/* 투자 참고자료 */
DROP TABLE I_REFERENCE 
	CASCADE CONSTRAINTS;

/* 리워드 게시물 */
DROP TABLE R_POST 
	CASCADE CONSTRAINTS;

/* 투자 창고지기 */
DROP TABLE I_KEEPER 
	CASCADE CONSTRAINTS;

/* 리워드 댓글 */
DROP TABLE R_COMMENT 
	CASCADE CONSTRAINTS;

/* 투자 기본정보 */
DROP TABLE I_META 
	CASCADE CONSTRAINTS;

/* 투자프로젝트 */
DROP TABLE I_PROJECT 
	CASCADE CONSTRAINTS;

/* 열정(예치금) */
DROP TABLE DEPOSIT 
	CASCADE CONSTRAINTS;

/* 회원 */
DROP TABLE MEMBERS 
	CASCADE CONSTRAINTS;

/* 게시판 */
DROP TABLE BOARD 
	CASCADE CONSTRAINTS;

/* 리워드결제 */
DROP TABLE REWARD_PAY 
	CASCADE CONSTRAINTS;

/* 투자 스토리 */
DROP TABLE I_STORY 
	CASCADE CONSTRAINTS;

/* 투자 댓글 */
DROP TABLE I_COMMENT 
	CASCADE CONSTRAINTS;

/* 투자 게시물 */
DROP TABLE I_POST 
	CASCADE CONSTRAINTS;

/* 리워드 스토리 */
DROP TABLE R_STORY 
	CASCADE CONSTRAINTS;

/* 리워드 옵션 */
CREATE TABLE R_OPTION (
	RPJT_ID NUMBER(10) NOT NULL, /* 리워드번호 */
	REWARD_ID NUMBER(10), /* 아이템번호 */
	RPJT_PRICE NUMBER(10), /* 금액 */
	RPJT_NAME VARCHAR2(20), /* 아이템이름 */
	RPJT_DETAIL CLOB, /* 상세설명 */
	RPJT_LIMIT NUMBER(10), /* 제한수량 */
	RPJT_SEND DATE /* 발송시작일 */
);

ALTER TABLE R_OPTION
	ADD
		CONSTRAINT R_OPTION
		PRIMARY KEY (
			RPJT_ID
		);

/* 투자 옵션 */
CREATE TABLE I_OPTION (
	IPJT_ID NUMBER(10) NOT NULL, /* 투자번호 */
	IPJT_TARGET_AMOUNT VARCHAR2(20), /* 목표금액 */
	IPJT_START_DATE DATE, /* 시작일 */
	IPJT_END_DATE DATE, /* 마감일 */
	IPJT_RECEIVING_DATE DATE, /* 증권입고일(채권발행일) */
	IPJT_INTEREST VARCHAR2(20), /* 연 이자율 */
	IPJT_INTEREST_PAYMENT VARCHAR2(20), /* 이자지급주기 */
	IPJT_DUEDATE DATE, /* 만기일 */
	IPJT_COSTACCOUNT VARCHAR2(20), /* 구좌 당 가격 */
	INVERSTABLE NUMBER(10) /* 투자가능 최소단위 */
);

ALTER TABLE I_OPTION
	ADD
		CONSTRAINT I_OPTION
		PRIMARY KEY (
			IPJT_ID
		);

/* 리워드 창고지기 */
CREATE TABLE R_KEEPER (
	RPJT_ID NUMBER(10) NOT NULL, /* 리워드번호 */
	R_NAME VARCHAR2(20), /* 창고지기 이름 */
	R_PROFILE VARCHAR2(20), /* 창고지기 프로필 사진 */
	R_EMAIL VARCHAR2(50), /* 창고지기 email */
	R_URL VARCHAR2(50), /* 웹사이트 주소 */
	R_TEL NUMBER(20) /* 창고지기 전화번호 */
);

ALTER TABLE R_KEEPER
	ADD
		CONSTRAINT R_KEEPER
		PRIMARY KEY (
			RPJT_ID
		);

/* 리워드 기본정보 */
CREATE TABLE R_META (
	RPJT_ID NUMBER(10) NOT NULL, /* 리워드번호 */
	RPJT_TITLE VARCHAR2(50), /* 프로젝트제목 */
	RPJT_SUBTITLE VARCHAR2(50), /* 프로젝트짧은제목 */
	RINVESTING_AMOUNT NUMBER(10), /* 투자금액 */
	RTARGET_AMOUNT NUMBER(10), /* 목표금액 */
	RPJT_IMAGE VARCHAR2(50), /* 프로젝트대표이미지 */
	RPJT_CATEGORY VARCHAR2(20), /* 카테고리 */
	RPJT_PAPER VARCHAR2(50), /* 인증서류 */
	RPJT_STARTDAY DATE, /* 프로젝트시작일 */
	RPJT_ENDDAY DATE /* 프로젝트종료일 */
);

ALTER TABLE R_META
	ADD
		CONSTRAINT R_META
		PRIMARY KEY (
			RPJT_ID
		);

/* 게시물 */
CREATE TABLE POST (
	POST_ID NUMBER(10) NOT NULL, /* POST_ID */
	BRD_ID NUMBER(10) NOT NULL, /* BRD_ID */
	MEM_ID NUMBER(10), /* MEM_ID */
	MEM_NICKNAME VARCHAR2(20), /* 작성자닉네임 */
	POST_TITLE VARCHAR2(50), /* 게시글제목 */
	POST_CONTENT CLOB, /* 게시글본문내용 */
	POST_DATETIME DATE, /* 게시물작성일자 */
	POST_VIEW_COUNT NUMBER(10), /* 조회수 */
	POST_DEL NUMBER(10) /* 게시글삭제여부 */
);

ALTER TABLE POST
	ADD
		CONSTRAINT POST
		PRIMARY KEY (
			POST_ID,
			BRD_ID
		);

/* 리워드프로젝트 */
CREATE TABLE R_PROJECT (
	RPJT_ID NUMBER(10) NOT NULL, /* 리워드번호 */
	MEM_ID NUMBER(10), /* MEM_ID */
	RRPJT_KEY VARCHAR2(50), /* 프로젝트KEY */
	RPJT_STATE NUMBER(10), /* 프로젝트상태 */
	RPJT_PROGRESS NUMBER(10), /* (진행중/마감) */
	RPJT_SUBMISSION DATE /* 제출일 */
);

ALTER TABLE R_PROJECT
	ADD
		CONSTRAINT R_PROJECT
		PRIMARY KEY (
			RPJT_ID
		);

/* 투자결제 */
CREATE TABLE INVEST_PAY (
	IPAY_ID NUMBER(10) NOT NULL, /* PAY_PK */
	IPROJECT_PAY_AMOUNT NUMBER(10) NOT NULL, /* 프로젝트 구분코드 */
	MEM_ID NUMBER(10), /* MEM_ID */
	IPJT_ID NUMBER(10), /* 투자번호 */
	IPRODUCT_ID NUMBER(10), /* 구좌 수량 */
	INVEST_PAY NUMBER(10) /* 투자금액 */
);

ALTER TABLE INVEST_PAY
	ADD
		CONSTRAINT PK_INVEST_PAY
		PRIMARY KEY (
			IPAY_ID,
			IPROJECT_PAY_AMOUNT
		);

/* 투자 참고자료 */
CREATE TABLE I_REFERENCE (
	IPJT_ID NUMBER(10) NOT NULL, /* 투자번호 */
	IPJT_DIRECTIONS VARCHAR2(20), /* 투자설명서 */
	IPJT_LICENSE VARCHAR2(20), /* 사업자등록증 */
	IPJT_CORPORATE VARCHAR2(20) /* 법인등기부등본 */
);

ALTER TABLE I_REFERENCE
	ADD
		CONSTRAINT I_REFERENCE
		PRIMARY KEY (
			IPJT_ID
		);

/* 리워드 게시물 */
CREATE TABLE R_POST (
	RPJT_ID NUMBER(10) NOT NULL, /* 리워드번호 */
	RPOST_CONTENT CLOB, /* 게시글본문내용 */
	RPOST_USERID VARCHAR2(20), /* 작성자회원아이디 */
	RPOST_DATETIME DATE, /* 게시물작성일자 */
	RPOST_UPDATED_DATETIME DATE /* 최종수정시간 */
);

ALTER TABLE R_POST
	ADD
		CONSTRAINT R_POST
		PRIMARY KEY (
			RPJT_ID
		);

/* 투자 창고지기 */
CREATE TABLE I_KEEPER (
	IPJT_ID NUMBER(10) NOT NULL, /* 투자번호 */
	CORPORATE_NAME VARCHAR2(20), /* 법인명 */
	ENTERPRISE_TYPE VARCHAR2(20), /* 업종 */
	ENTERPRISE_NUMBER NUMBER(10), /* 사업자등록번호 */
	LOCATION VARCHAR2(20), /* 소재지 */
	FOUNDED DATE, /* 설립일 */
	REPRESENTATIVE_NAME VARCHAR2(20), /* 대표자명 */
	INVEST_EMAIL VARCHAR2(20), /* email */
	INVEST_TEL NUMBER(20), /* 전화번호 */
	WORKFORCE NUMBER(20), /* 임·직원수 */
	INVEST_URL VARCHAR2(20) /* 홈페이지 */
);

ALTER TABLE I_KEEPER
	ADD
		CONSTRAINT I_KEEPER
		PRIMARY KEY (
			IPJT_ID
		);

/* 리워드 댓글 */
CREATE TABLE R_COMMENT (
	RCMT_ID NUMBER(10) NOT NULL, /* 글번호 */
	RCMT_PARENT VARCHAR2(20) NOT NULL, /* 부모글번호 */
	RPJT_ID NUMBER(10) NOT NULL, /* 리워드번호 */
	RCMT_USERID VARCHAR2(20) NOT NULL, /* MEM_ID */
	RCMT_CONTENT VARCHAR2(600), /* 댓글내용 */
	RCMT_UPDATED_DATETIME DATE, /* 최종수정시간 */
	RCMT_NICKNAME VARCHAR2(20), /* 작성자닉네임 */
	RCMT_DEL NUMBER(10) /* 게시물삭제여부 */
);

ALTER TABLE R_COMMENT
	ADD
		CONSTRAINT R_COMMENT
		PRIMARY KEY (
			RCMT_ID
		);

/* 투자 기본정보 */
CREATE TABLE I_META (
	IPJT_ID NUMBER(10) NOT NULL, /* 투자번호 */
	IPJT_TITLE VARCHAR2(50), /* 프로젝트제목 */
	IPJT_SUBTITLE VARCHAR2(50), /* 프로젝트짧은제목 */
	INVESTING_AMOUNT NUMBER(10), /* 투자금액 */
	ITARGET_AMOUNT NUMBER(10), /* 목표금액 */
	IPJT_IMAGE VARCHAR2(50), /* 프로젝트대표이미지 */
	IPJT_CATEGORY VARCHAR2(20), /* 카테고리 */
	IPJT_STARTDAY DATE, /* 프로젝트시작일 */
	IPJT_ENDDAY DATE /* 프로젝트종료일 */
);

ALTER TABLE I_META
	ADD
		CONSTRAINT I_META
		PRIMARY KEY (
			IPJT_ID
		);

/* 투자프로젝트 */
CREATE TABLE I_PROJECT (
	IPJT_ID NUMBER(10) NOT NULL, /* 투자번호 */
	MEM_ID NUMBER(10), /* MEM_ID */
	IPJT_KEY VARCHAR2(50), /* 프로젝트KEY */
	IPJT_STATE NUMBER(10), /* 프로젝트상태 */
	IPJT_PROGRESS NUMBER(10), /* (진행중/마감) */
	IPJT_SUBMISSION DATE /* 제출일 */
);

ALTER TABLE I_PROJECT
	ADD
		CONSTRAINT I_PROJECT
		PRIMARY KEY (
			IPJT_ID
		);

/* 열정(예치금) */
CREATE TABLE DEPOSIT (
	DEP_ID NUMBER(10) NOT NULL, /* DEP_ID */
	MEM_ID NUMBER(10) NOT NULL, /* MEM_ID */
	DEP_TYPE NUMBER(10), /* 충전/환급/사용 */
	DEP_REQUEST NUMBER(10), /* 요청금액 */
	DEP_BALANCE NUMBER(10), /* 잔액 */
	DEP_DATE DATE /* 열정요청일시 */
);

ALTER TABLE DEPOSIT
	ADD
		CONSTRAINT DEPOSIT
		PRIMARY KEY (
			DEP_ID
		);

/* 회원 */
CREATE TABLE MEMBERS (
	MEM_ID NUMBER(10) NOT NULL, /* MEM_ID */
	MEM_USERID VARCHAR2(10) NOT NULL, /* 회원아이디 */
	MEM_EMAIL VARCHAR2(20) NOT NULL, /* 회원이메일 */
	MEM_PASSWORD VARCHAR2(10) NOT NULL, /* 회원패스워드 */
	MEM_USERNAME VARCHAR2(10) NOT NULL, /* 회원실명 */
	MEM_NICKNAME VARCHAR2(16) NOT NULL, /* 회원닉네임 */
	MEM_PHONE VARCHAR2(15), /* 연락처 */
	MEM_SEX NUMBER(10) NOT NULL, /* 성별 */
	MEM_REGISTER_DATETIME DATE, /* 회원등록일 */
	MEM_LASTLOGIN_DATETIME DATE, /* 최종로그인시간 */
	MEM_TREASURER NUMBER(10), /* 창고지기여부 */
	MEM_PASSION NUMBER(10) /* 보유열정 */
);

ALTER TABLE MEMBERS
	ADD
		CONSTRAINT MEMBER
		PRIMARY KEY (
			MEM_ID
		);

/* 게시판 */
CREATE TABLE BOARD (
	BRD_ID NUMBER(10) NOT NULL, /* BRD_ID */
	BRD_KEY VARCHAR2(50) NOT NULL, /* 게시판주소 */
	BRD_NAME VARCHAR2(20) /* 게시판명 */
);

ALTER TABLE BOARD
	ADD
		CONSTRAINT BOARD
		PRIMARY KEY (
			BRD_ID
		);

/* 리워드결제 */
CREATE TABLE REWARD_PAY (
	RPAY_ID NUMBER(10) NOT NULL, /* PAY_PK */
	RPROJECT_PAY_AMOUNT NUMBER(10) NOT NULL, /* 프로젝트 구분코드 */
	MEM_ID NUMBER(10), /* MEM_ID */
	RPJT_ID NUMBER(10), /* 리워드번호 */
	RPRODUCT_ID NUMBER(10), /* 아이템번호 */
	RPRODUCT_EA NUMBER(10), /* 수량 */
	RADDPAY NUMBER(10), /* 추가후원금 */
	RPAY_ADDRESS VARCHAR2(50), /* 배송지 */
	RPAY_PHONE VARCHAR2(20), /* 휴대폰번호 */
	RPAY_REQUEST VARCHAR2(50), /* 배송요청사항 */
	RPAY_TOTAL NUMBER(10) /* 총금액 */
);

ALTER TABLE REWARD_PAY
	ADD
		CONSTRAINT REWARD_PAY
		PRIMARY KEY (
			RPAY_ID,
			RPROJECT_PAY_AMOUNT
		);

/* 투자 스토리 */
CREATE TABLE I_STORY (
	IPJT_ID NUMBER(10) NOT NULL, /* 투자번호 */
	IPJT_STORY CLOB, /* 프로젝트스토리 */
	IPJT_THUMBNAIL VARCHAR2(50), /* 썸네일이미지 */
	IPJT_MESSAGE VARCHAR2(100), /* 새소식 */
	IPJT_TAG VARCHAR2(50) /* 검색용태그 */
);

ALTER TABLE I_STORY
	ADD
		CONSTRAINT I_STORY
		PRIMARY KEY (
			IPJT_ID
		);

/* 투자 댓글 */
CREATE TABLE I_COMMENT (
	ICMT_ID NUMBER(10) NOT NULL, /* 글번호 */
	ICMT_PARENT VARCHAR2(20) NOT NULL, /* 부모글번호 */
	IPJT_ID NUMBER(10) NOT NULL, /* 투자번호 */
	ICMT_USERID VARCHAR2(20) NOT NULL, /* 유저아이디 */
	ICMT_CONTENT VARCHAR2(600), /* 댓글내용 */
	ICMT_UPDATED_DATETIME DATE, /* 최종수정시간 */
	ICMT_NICKNAME VARCHAR2(20), /* 작성자닉네임 */
	ICMT_DEL NUMBER(10) /* 게시물삭제여부 */
);

ALTER TABLE I_COMMENT
	ADD
		CONSTRAINT I_COMMENT
		PRIMARY KEY (
			ICMT_ID
		);

/* 투자 게시물 */
CREATE TABLE I_POST (
	IPJT_ID NUMBER(10) NOT NULL, /* 투자번호 */
	IPOST_CONTENT CLOB, /* 게시글본문내용 */
	IPOST_USERID VARCHAR2(20), /* 작성자회원아이디 */
	IPOST_DATETIME DATE, /* 게시물작성일자 */
	IPOST_UPDATED_DATETIME DATE, /* 최종수정시간 */
	IPOST_COMMENT_COUNT NUMBER(10) /* 댓글수 */
);

ALTER TABLE I_POST
	ADD
		CONSTRAINT I_POST
		PRIMARY KEY (
			IPJT_ID
		);

/* 리워드 스토리 */
CREATE TABLE R_STORY (
	RPJT_ID NUMBER(10) NOT NULL, /* 리워드번호 */
	RPJT_URL VARCHAR2(100), /* 영상url */
	RPJT_PRICE VARCHAR2(20), /* 금액 */
	RPJT_THUMBNAIL VARCHAR2(100), /* 썸네일이미지 */
	RPJT_MESSAGE VARCHAR2(100), /* 새소식 */
	RPJT_STORY CLOB, /* 프로젝트스토리 */
	RPJT_TAG VARCHAR2(20), /* 검색용태그 */
	RPJT_PAPER CLOB /* 교환/환불/as정책 */
);

ALTER TABLE R_STORY
	ADD
		CONSTRAINT R_STORY
		PRIMARY KEY (
			RPJT_ID
		);

ALTER TABLE R_OPTION
	ADD
		CONSTRAINT FK_R_PROJECT_TO_R_OPTION
		FOREIGN KEY (
			RPJT_ID
		)
		REFERENCES R_PROJECT (
			RPJT_ID
		);

ALTER TABLE I_OPTION
	ADD
		CONSTRAINT FK_I_PROJECT_TO_I_OPTION
		FOREIGN KEY (
			IPJT_ID
		)
		REFERENCES I_PROJECT (
			IPJT_ID
		);

ALTER TABLE R_KEEPER
	ADD
		CONSTRAINT FK_R_PROJECT_TO_R_KEEPER
		FOREIGN KEY (
			RPJT_ID
		)
		REFERENCES R_PROJECT (
			RPJT_ID
		);

ALTER TABLE R_META
	ADD
		CONSTRAINT FK_R_PROJECT_TO_R_META
		FOREIGN KEY (
			RPJT_ID
		)
		REFERENCES R_PROJECT (
			RPJT_ID
		);

ALTER TABLE POST
	ADD
		CONSTRAINT FK_MEBER_TO_POST
		FOREIGN KEY (
			MEM_ID
		)
		REFERENCES MEMBERS (
			MEM_ID
		);

ALTER TABLE POST
	ADD
		CONSTRAINT FK_BOARD_TO_POST
		FOREIGN KEY (
			BRD_ID
		)
		REFERENCES BOARD (
			BRD_ID
		);

ALTER TABLE R_PROJECT
	ADD
		CONSTRAINT FK_MEBER_TO_PROJECT2
		FOREIGN KEY (
			MEM_ID
		)
		REFERENCES MEMBERS (
			MEM_ID
		);

ALTER TABLE I_REFERENCE
	ADD
		CONSTRAINT FK_I_PROJECT_TO_I_REFERENCE
		FOREIGN KEY (
			IPJT_ID
		)
		REFERENCES I_PROJECT (
			IPJT_ID
		);

ALTER TABLE R_POST
	ADD
		CONSTRAINT FK_R_PROJECT_TO_R_POST
		FOREIGN KEY (
			RPJT_ID
		)
		REFERENCES R_PROJECT (
			RPJT_ID
		);

ALTER TABLE I_KEEPER
	ADD
		CONSTRAINT FK_I_PROJECT_TO_I_KEEPER
		FOREIGN KEY (
			IPJT_ID
		)
		REFERENCES I_PROJECT (
			IPJT_ID
		);

ALTER TABLE R_COMMENT
	ADD
		CONSTRAINT FK_R_PROJECT_TO_R_COMMENT
		FOREIGN KEY (
			RPJT_ID
		)
		REFERENCES R_PROJECT (
			RPJT_ID
		);

ALTER TABLE I_META
	ADD
		CONSTRAINT FK_I_PROJECT_TO_I_META
		FOREIGN KEY (
			IPJT_ID
		)
		REFERENCES I_PROJECT (
			IPJT_ID
		);

ALTER TABLE I_PROJECT
	ADD
		CONSTRAINT FK_MEBER_TO_PROJECT
		FOREIGN KEY (
			MEM_ID
		)
		REFERENCES MEMBERS (
			MEM_ID
		);

ALTER TABLE DEPOSIT
	ADD
		CONSTRAINT FK_MEBER_TO_DEPOSIT
		FOREIGN KEY (
			MEM_ID
		)
		REFERENCES MEMBERS (
			MEM_ID
		);

ALTER TABLE I_STORY
	ADD
		CONSTRAINT FK_I_PROJECT_TO_I_STORY
		FOREIGN KEY (
			IPJT_ID
		)
		REFERENCES I_PROJECT (
			IPJT_ID
		);

ALTER TABLE I_COMMENT
	ADD
		CONSTRAINT FK_I_PROJECT_TO_I_COMMENT
		FOREIGN KEY (
			IPJT_ID
		)
		REFERENCES I_PROJECT (
			IPJT_ID
		);

ALTER TABLE I_POST
	ADD
		CONSTRAINT FK_I_PROJECT_TO_I_POST
		FOREIGN KEY (
			IPJT_ID
		)
		REFERENCES I_PROJECT (
			IPJT_ID
		);

ALTER TABLE R_STORY
	ADD
		CONSTRAINT FK_R_PROJECT_TO_R_STORY
		FOREIGN KEY (
			RPJT_ID
		)
		REFERENCES R_PROJECT (
			RPJT_ID
		);

SELECT /*insert*/ *
FROM MEMBERS;

--MEMBERS--
Insert into MEMBERS (MEM_ID,MEM_USERID,MEM_EMAIL,MEM_PASSWORD,MEM_USERNAME,MEM_NICKNAME,MEM_PHONE,MEM_SEX,MEM_REGISTER_DATETIME,MEM_LASTLOGIN_DATETIME,MEM_TREASURER,MEM_PASSION) 
values (1,'id1','123@abc.de','p1','주현우','에인젤','01012345678',1,to_date('18/05/20','RR/MM/DD'),to_date('18/05/25','RR/MM/DD'),1,10000);
Insert into MEMBERS (MEM_ID,MEM_USERID,MEM_EMAIL,MEM_PASSWORD,MEM_USERNAME,MEM_NICKNAME,MEM_PHONE,MEM_SEX,MEM_REGISTER_DATETIME,MEM_LASTLOGIN_DATETIME,MEM_TREASURER,MEM_PASSION) 
values (2,'id2','456@abc.de','p2','김조운','빠른94','010159647896',1,to_date('18/05/21','RR/MM/DD'),to_date('18/05/22','RR/MM/DD'),1,50000);
Insert into MEMBERS (MEM_ID,MEM_USERID,MEM_EMAIL,MEM_PASSWORD,MEM_USERNAME,MEM_NICKNAME,MEM_PHONE,MEM_SEX,MEM_REGISTER_DATETIME,MEM_LASTLOGIN_DATETIME,MEM_TREASURER,MEM_PASSION) 
values (3,'id3','789@abc.de','p3','최은정','별명없음','01075311563',0,to_date('18/05/23','RR/MM/DD'),to_date('18/05/23','RR/MM/DD'),1,0);
Insert into MEMBERS (MEM_ID,MEM_USERID,MEM_EMAIL,MEM_PASSWORD,MEM_USERNAME,MEM_NICKNAME,MEM_PHONE,MEM_SEX,MEM_REGISTER_DATETIME,MEM_LASTLOGIN_DATETIME,MEM_TREASURER,MEM_PASSION) 
values (4,'id4','159@abc.de','p4','명선형','센세','01098745632',0,to_date('18/05/24','RR/MM/DD'),to_date('18/05/24','RR/MM/DD'),1,0);
Insert into MEMBERS (MEM_ID,MEM_USERID,MEM_EMAIL,MEM_PASSWORD,MEM_USERNAME,MEM_NICKNAME,MEM_PHONE,MEM_SEX,MEM_REGISTER_DATETIME,MEM_LASTLOGIN_DATETIME,MEM_TREASURER,MEM_PASSION) 
values (5,'id5','951@abc.de','p5','서동환','동동동동','01014782365',1,to_date('18/05/25','RR/MM/DD'),to_date('18/05/25','RR/MM/DD'),1,90000);
Insert into MEMBERS (MEM_ID,MEM_USERID,MEM_EMAIL,MEM_PASSWORD,MEM_USERNAME,MEM_NICKNAME,MEM_PHONE,MEM_SEX,MEM_REGISTER_DATETIME,MEM_LASTLOGIN_DATETIME,MEM_TREASURER,MEM_PASSION) 
values (6,'id6','951@abc.de','p6','강전욱','강고래','01098999899',0,to_date('18/05/25','RR/MM/DD'),to_date('18/05/25','RR/MM/DD'),1,2000);


SELECT /*insert*/ *
FROM R_PROJECT;


--R_PROJECT--
	Insert into R_PROJECT (RPJT_ID,MEM_ID,RRPJT_KEY,RPJT_STATE,RPJT_PROGRESS,RPJT_SUBMISSION)
	values (1,1,null,'1','1',to_date('18/05/25','RR/MM/DD'));
	Insert into R_PROJECT (RPJT_ID,MEM_ID,RRPJT_KEY,RPJT_STATE,RPJT_PROGRESS,RPJT_SUBMISSION) 
	values (2,2,null,'2',null,to_date('18/05/25','RR/MM/DD'));
	Insert into R_PROJECT (RPJT_ID,MEM_ID,RRPJT_KEY,RPJT_STATE,RPJT_PROGRESS,RPJT_SUBMISSION) 
	values (3,3,null,'3',null,to_date('18/05/25','RR/MM/DD'));
	Insert into R_PROJECT (RPJT_ID,MEM_ID,RRPJT_KEY,RPJT_STATE,RPJT_PROGRESS,RPJT_SUBMISSION) 
	values (4,4,null,'1','1',to_date('18/05/25','RR/MM/DD'));
	Insert into R_PROJECT (RPJT_ID,MEM_ID,RRPJT_KEY,RPJT_STATE,RPJT_PROGRESS,RPJT_SUBMISSION) 
	values (5,5,null,'1','1',to_date('18/05/25','RR/MM/DD'));

--승인1 검토중2 반려3--
--진행1 마감2--

SELECT /*insert*/ *
FROM I_PROJECT;

--I_PROJECT--
	Insert into I_PROJECT (IPJT_ID,MEM_ID,IPJT_KEY,IPJT_STATE,IPJT_PROGRESS,IPJT_SUBMISSION) 
	values (1,1,null,'1','1',to_date('18/05/17','RR/MM/DD'));
	Insert into I_PROJECT (IPJT_ID,MEM_ID,IPJT_KEY,IPJT_STATE,IPJT_PROGRESS,IPJT_SUBMISSION) 
	values (2,1,null,'2',null,to_date('18/05/18','RR/MM/DD'));
	Insert into I_PROJECT (IPJT_ID,MEM_ID,IPJT_KEY,IPJT_STATE,IPJT_PROGRESS,IPJT_SUBMISSION) 
	values (3,1,null,'3',null,to_date('18/05/19','RR/MM/DD'));
	Insert into I_PROJECT (IPJT_ID,MEM_ID,IPJT_KEY,IPJT_STATE,IPJT_PROGRESS,IPJT_SUBMISSION) 
	values (4,1,null,'1','2',to_date('18/05/20','RR/MM/DD'));
	Insert into I_PROJECT (IPJT_ID,MEM_ID,IPJT_KEY,IPJT_STATE,IPJT_PROGRESS,IPJT_SUBMISSION) 
	values (5,1,null,'2',null,to_date('18/05/21','RR/MM/DD'));

SELECT /*insert*/ *
FROM BOARD;
--board--
Insert into BOARD (BRD_ID,BRD_KEY,BRD_NAME) 
values (10,'0','공지사항');
Insert into BOARD (BRD_ID,BRD_KEY,BRD_NAME) 
values (20,'0','큐앤에이');
Insert into BOARD (BRD_ID,BRD_KEY,BRD_NAME) 
values (30,'0','커뮤니티');

SELECT /*insert*/ *
FROM POST;

--POST--
Insert into POST (POST_ID,BRD_ID,MEM_ID,MEM_NICKNAME,POST_TITLE,POST_CONTENT,POST_DATETIME,POST_VIEW_COUNT,POST_DEL) 
values (1,10,1,'에인젤','조장으로서 한마디','열심히 하세요',to_date('18/05/25','RR/MM/DD'),1,0);
Insert into POST (POST_ID,BRD_ID,MEM_ID,MEM_NICKNAME,POST_TITLE,POST_CONTENT,POST_DATETIME,POST_VIEW_COUNT,POST_DEL) 
values (2,20,2,'빠른94','투자는 어떻게 하나요?','ㅈㄱㄴ',to_date('18/05/25','RR/MM/DD'),1,0);
Insert into POST (POST_ID,BRD_ID,MEM_ID,MEM_NICKNAME,POST_TITLE,POST_CONTENT,POST_DATETIME,POST_VIEW_COUNT,POST_DEL) 
values (3,20,3,'별명없음','리워드는 어떻게 하죠?','리워드 하는 방법을 모르겠네요.',to_date('18/05/25','RR/MM/DD'),1,0);
Insert into POST (POST_ID,BRD_ID,MEM_ID,MEM_NICKNAME,POST_TITLE,POST_CONTENT,POST_DATETIME,POST_VIEW_COUNT,POST_DEL) 
values (4,30,2,'빠른94','나빠른94임 ㅋㅋ','ㅈㄱㄴ',to_date('18/05/25','RR/MM/DD'),6,0);
Insert into POST (POST_ID,BRD_ID,MEM_ID,MEM_NICKNAME,POST_TITLE,POST_CONTENT,POST_DATETIME,POST_VIEW_COUNT,POST_DEL) 
values (5,30,1,'에인젤','조장못해먹겠슴;;','너무힘들어..',to_date('18/05/25','RR/MM/DD'),3,0);


SELECT /*insert*/ *
FROM DEPOSIT;
--DEPOSIT--
Insert into DEPOSIT (DEP_ID,MEM_ID,DEP_TYPE,DEP_REQUEST,DEP_BALANCE,DEP_DATE) 
values (1,1,1,1000,9000,to_date('18/05/25','RR/MM/DD'));
Insert into DEPOSIT (DEP_ID,MEM_ID,DEP_TYPE,DEP_REQUEST,DEP_BALANCE,DEP_DATE) 
values (2,2,2,10000,50000,to_date('18/05/25','RR/MM/DD'));
Insert into DEPOSIT (DEP_ID,MEM_ID,DEP_TYPE,DEP_REQUEST,DEP_BALANCE,DEP_DATE) 
values (3,3,3,10000,0,to_date('18/05/25','RR/MM/DD'));
Insert into DEPOSIT (DEP_ID,MEM_ID,DEP_TYPE,DEP_REQUEST,DEP_BALANCE,DEP_DATE) 
values (4,4,1,10000,0,to_date('18/05/25','RR/MM/DD'));
Insert into DEPOSIT (DEP_ID,MEM_ID,DEP_TYPE,DEP_REQUEST,DEP_BALANCE,DEP_DATE) 
values (5,5,2,10000,90000,to_date('18/05/25','RR/MM/DD'));

SELECT /*insert*/ *
FROM INVEST_PAY;

--INVEST_PAY--
Insert into INVEST_PAY (IPAY_ID,IPROJECT_PAY_AMOUNT,MEM_ID,IPJT_ID,IPRODUCT_ID,INVEST_PAY) 
values (1,1,1,null,2,33600);
Insert into INVEST_PAY (IPAY_ID,IPROJECT_PAY_AMOUNT,MEM_ID,IPJT_ID,IPRODUCT_ID,INVEST_PAY) 
values (2,1,2,null,1,169000);
Insert into INVEST_PAY (IPAY_ID,IPROJECT_PAY_AMOUNT,MEM_ID,IPJT_ID,IPRODUCT_ID,INVEST_PAY) 
values (3,1,3,null,3,177000);
Insert into INVEST_PAY (IPAY_ID,IPROJECT_PAY_AMOUNT,MEM_ID,IPJT_ID,IPRODUCT_ID,INVEST_PAY) 
values (4,1,4,null,1,89000);
Insert into INVEST_PAY (IPAY_ID,IPROJECT_PAY_AMOUNT,MEM_ID,IPJT_ID,IPRODUCT_ID,INVEST_PAY) 
values (5,1,5,null,2,49800);


SELECT /*insert*/ *
FROM I_META;
--I_META--
Insert into I_META (IPJT_ID,IPJT_TITLE,IPJT_SUBTITLE,INVESTING_AMOUNT,ITARGET_AMOUNT,IPJT_IMAGE,IPJT_CATEGORY,IPJT_STARTDAY,IPJT_ENDDAY) 
values (1,'키트리맥주','유통망확대프로젝트',16800,3000000,null,'제조유통	',to_date('18/05/09','RR/MM/DD'),to_date('18/05/27','RR/MM/DD'));
Insert into I_META (IPJT_ID,IPJT_TITLE,IPJT_SUBTITLE,INVESTING_AMOUNT,ITARGET_AMOUNT,IPJT_IMAGE,IPJT_CATEGORY,IPJT_STARTDAY,IPJT_ENDDAY) 
values (2,'베이커리카페','나를위한디저트',169000,3000000,null,'문화',to_date('18/04/25','RR/MM/DD'),to_date('18/05/27','RR/MM/DD'));
Insert into I_META (IPJT_ID,IPJT_TITLE,IPJT_SUBTITLE,INVESTING_AMOUNT,ITARGET_AMOUNT,IPJT_IMAGE,IPJT_CATEGORY,IPJT_STARTDAY,IPJT_ENDDAY) 
values (3,'수제자동차기업,키트리','수제자동차문화를만듭니다',59000,5000000,null,'제조유통',to_date('18/04/24','RR/MM/DD'),to_date('18/05/26','RR/MM/DD'));
Insert into I_META (IPJT_ID,IPJT_TITLE,IPJT_SUBTITLE,INVESTING_AMOUNT,ITARGET_AMOUNT,IPJT_IMAGE,IPJT_CATEGORY,IPJT_STARTDAY,IPJT_ENDDAY) 
values (4,'손세차장,와이퍼','나 대신 손세차장 가주는 와이퍼',89000,1000000,null,'제조유통',to_date('18/05/10','RR/MM/DD'),to_date('18/06/08','RR/MM/DD'));
Insert into I_META (IPJT_ID,IPJT_TITLE,IPJT_SUBTITLE,INVESTING_AMOUNT,ITARGET_AMOUNT,IPJT_IMAGE,IPJT_CATEGORY,IPJT_STARTDAY,IPJT_ENDDAY) 
values (5,'스마트세탁서비스','스마트세탁서비스 백의민족',24900,1000000,null,'서비스',to_date('18/05/30','RR/MM/DD'),to_date('18/06/21','RR/MM/DD'));


SELECT /*insert*/ *
FROM I_KEEPER;
--I_KEEPER--
Insert into I_KEEPER (IPJT_ID,CORPORATE_NAME,ENTERPRISE_TYPE,ENTERPRISE_NUMBER,LOCATION,FOUNDED,REPRESENTATIVE_NAME,INVEST_EMAIL,INVEST_TEL,WORKFORCE,INVEST_URL) 
values (1,'Kitri','문화',1270014780,'서울',to_date('16/05/05','RR/MM/DD'),'김명섭',null,null,5,null);
Insert into I_KEEPER (IPJT_ID,CORPORATE_NAME,ENTERPRISE_TYPE,ENTERPRISE_NUMBER,LOCATION,FOUNDED,REPRESENTATIVE_NAME,INVEST_EMAIL,INVEST_TEL,WORKFORCE,INVEST_URL) 
values (2,'SilverJung','교육/서비스',1270014781,'서울',to_date('14/05/08','RR/MM/DD'),'최은정',null,null,10,null);
Insert into I_KEEPER (IPJT_ID,CORPORATE_NAME,ENTERPRISE_TYPE,ENTERPRISE_NUMBER,LOCATION,FOUNDED,REPRESENTATIVE_NAME,INVEST_EMAIL,INVEST_TEL,WORKFORCE,INVEST_URL) 
values (3,'Check','제조/유통',1270014782,'서울',to_date('16/05/28','RR/MM/DD'),'주현우',null,null,8,null);
Insert into I_KEEPER (IPJT_ID,CORPORATE_NAME,ENTERPRISE_TYPE,ENTERPRISE_NUMBER,LOCATION,FOUNDED,REPRESENTATIVE_NAME,INVEST_EMAIL,INVEST_TEL,WORKFORCE,INVEST_URL) 
values (4,'Glasses','문화',1270014783,'서울',to_date('17/05/10','RR/MM/DD'),'귀파자',null,null,3,null);
Insert into I_KEEPER (IPJT_ID,CORPORATE_NAME,ENTERPRISE_TYPE,ENTERPRISE_NUMBER,LOCATION,FOUNDED,REPRESENTATIVE_NAME,INVEST_EMAIL,INVEST_TEL,WORKFORCE,INVEST_URL) 
values (5,'Teach','농수산',1270014784,'서울',to_date('18/02/23','RR/MM/DD'),'잘파자',null,null,1,null);

SELECT /*insert*/ *
FROM I_OPTION;
--I_OPTION--

Insert into I_OPTION (IPJT_ID,IPJT_TARGET_AMOUNT,IPJT_START_DATE,IPJT_END_DATE,IPJT_RECEIVING_DATE,IPJT_INTEREST,IPJT_INTEREST_PAYMENT,IPJT_DUEDATE,IPJT_COSTACCOUNT,INVERSTABLE) 
values (1,'5000000',to_date('18/06/28','RR/MM/DD'),to_date('18/08/09','RR/MM/DD'),to_date('18/10/05','RR/MM/DD'),'9.4','1년',to_date('19/05/03','RR/MM/DD'),'50000',1);
Insert into I_OPTION (IPJT_ID,IPJT_TARGET_AMOUNT,IPJT_START_DATE,IPJT_END_DATE,IPJT_RECEIVING_DATE,IPJT_INTEREST,IPJT_INTEREST_PAYMENT,IPJT_DUEDATE,IPJT_COSTACCOUNT,INVERSTABLE) 
values (2,'4000000',to_date('18/06/28','RR/MM/DD'),to_date('18/08/09','RR/MM/DD'),to_date('18/10/05','RR/MM/DD'),'월6.1','1년',to_date('19/05/03','RR/MM/DD'),'600000',1);
Insert into I_OPTION (IPJT_ID,IPJT_TARGET_AMOUNT,IPJT_START_DATE,IPJT_END_DATE,IPJT_RECEIVING_DATE,IPJT_INTEREST,IPJT_INTEREST_PAYMENT,IPJT_DUEDATE,IPJT_COSTACCOUNT,INVERSTABLE) 
values (3,'4000000',to_date('18/06/28','RR/MM/DD'),to_date('18/08/09','RR/MM/DD'),to_date('18/10/05','RR/MM/DD'),'연5.0','1년',to_date('19/05/03','RR/MM/DD'),'50000',1);
Insert into I_OPTION (IPJT_ID,IPJT_TARGET_AMOUNT,IPJT_START_DATE,IPJT_END_DATE,IPJT_RECEIVING_DATE,IPJT_INTEREST,IPJT_INTEREST_PAYMENT,IPJT_DUEDATE,IPJT_COSTACCOUNT,INVERSTABLE) 
values (4,'3000000',to_date('18/06/28','RR/MM/DD'),to_date('18/08/09','RR/MM/DD'),to_date('18/10/05','RR/MM/DD'),'9.4','1년',to_date('19/05/03','RR/MM/DD'),'750000',1);
Insert into I_OPTION (IPJT_ID,IPJT_TARGET_AMOUNT,IPJT_START_DATE,IPJT_END_DATE,IPJT_RECEIVING_DATE,IPJT_INTEREST,IPJT_INTEREST_PAYMENT,IPJT_DUEDATE,IPJT_COSTACCOUNT,INVERSTABLE) 
values (5,'2000000',to_date('18/06/28','RR/MM/DD'),to_date('18/08/09','RR/MM/DD'),to_date('18/10/05','RR/MM/DD'),'9.4','1년',to_date('19/05/03','RR/MM/DD'),'550000',1);

SELECT /*insert*/ *
FROM REWARD_PAY;
--REWARD_PAY--

Insert into REWARD_PAY (RPAY_ID,RPROJECT_PAY_AMOUNT,MEM_ID,RPJT_ID,RPRODUCT_ID,RPRODUCT_EA,RADDPAY,RPAY_ADDRESS,RPAY_PHONE,RPAY_REQUEST,RPAY_TOTAL) 
values (1,2,1,null,1,1,10000,'경기도 성남시 분당구 판교로 242','01012332255','부재시 경비실에 맡겨주세요',433600);
Insert into REWARD_PAY (RPAY_ID,RPROJECT_PAY_AMOUNT,MEM_ID,RPJT_ID,RPRODUCT_ID,RPRODUCT_EA,RADDPAY,RPAY_ADDRESS,RPAY_PHONE,RPAY_REQUEST,RPAY_TOTAL) 
values (2,2,2,null,2,2,20000,'경기도 성남시 분당구 불정로 90','01099887744','부재시 경비실에 맡겨주세요',189000);
Insert into REWARD_PAY (RPAY_ID,RPROJECT_PAY_AMOUNT,MEM_ID,RPJT_ID,RPRODUCT_ID,RPRODUCT_EA,RADDPAY,RPAY_ADDRESS,RPAY_PHONE,RPAY_REQUEST,RPAY_TOTAL) 
values (3,2,3,3,3,1,50000,'서울특별시 종로구 종로 26','01054548787','부재시 경비실에 맡겨주세요',227000);
Insert into REWARD_PAY (RPAY_ID,RPROJECT_PAY_AMOUNT,MEM_ID,RPJT_ID,RPRODUCT_ID,RPRODUCT_EA,RADDPAY,RPAY_ADDRESS,RPAY_PHONE,RPAY_REQUEST,RPAY_TOTAL) 
values (4,2,4,4,4,2,20000,'서울특별시 마포구 성암로 267 ','01022553377','배송전연락바랍니다',109000);
Insert into REWARD_PAY (RPAY_ID,RPROJECT_PAY_AMOUNT,MEM_ID,RPJT_ID,RPRODUCT_ID,RPRODUCT_EA,RADDPAY,RPAY_ADDRESS,RPAY_PHONE,RPAY_REQUEST,RPAY_TOTAL) 
values (5,2,5,5,5,1,30000,'서울특별시 양천구 목동서로 161','01025663322','배송전연락바랍니다',79800);

SELECT /*insert*/ *
FROM I_POST;
--I_POST--

Insert into I_POST (IPJT_ID,IPOST_CONTENT,IPOST_USERID,IPOST_DATETIME,IPOST_UPDATED_DATETIME,IPOST_COMMENT_COUNT) 
values (1,'업데이트내용','id1',to_date('18/05/25','RR/MM/DD'),to_date('18/05/25','RR/MM/DD'),null);
Insert into I_POST (IPJT_ID,IPOST_CONTENT,IPOST_USERID,IPOST_DATETIME,IPOST_UPDATED_DATETIME,IPOST_COMMENT_COUNT) 
values (2,'업데이트내용','id1',to_date('18/05/25','RR/MM/DD'),to_date('18/05/25','RR/MM/DD'),null);
Insert into I_POST (IPJT_ID,IPOST_CONTENT,IPOST_USERID,IPOST_DATETIME,IPOST_UPDATED_DATETIME,IPOST_COMMENT_COUNT) 
values (3,'업데이트내용','id1',to_date('18/05/25','RR/MM/DD'),to_date('18/05/25','RR/MM/DD'),null);
Insert into I_POST (IPJT_ID,IPOST_CONTENT,IPOST_USERID,IPOST_DATETIME,IPOST_UPDATED_DATETIME,IPOST_COMMENT_COUNT) 
values (4,'업데이트내용','id1',to_date('18/05/25','RR/MM/DD'),to_date('18/05/25','RR/MM/DD'),null);

SELECT /*insert*/ *
FROM I_COMMENT;
--I_COMMENT--
Insert into I_COMMENT (ICMT_ID,ICMT_PARENT,IPJT_ID,ICMT_USERID,ICMT_CONTENT,ICMT_UPDATED_DATETIME,ICMT_NICKNAME,ICMT_DEL) 
values (1,1,1,'id2','업데이트언제하냐',to_date('18/05/10','RR/MM/DD'),null,0);
Insert into I_COMMENT (ICMT_ID,ICMT_PARENT,IPJT_ID,ICMT_USERID,ICMT_CONTENT,ICMT_UPDATED_DATETIME,ICMT_NICKNAME,ICMT_DEL) 
values (2,1,1,'id3','언제하냐',to_date('18/05/10','RR/MM/DD'),null,0);
Insert into I_COMMENT (ICMT_ID,ICMT_PARENT,IPJT_ID,ICMT_USERID,ICMT_CONTENT,ICMT_UPDATED_DATETIME,ICMT_NICKNAME,ICMT_DEL) 
values (3,'1',1,'id1','지금했습니다. 관리자임',to_date('18/05/10','RR/MM/DD'),null,0);
Insert into I_COMMENT (ICMT_ID,ICMT_PARENT,IPJT_ID,ICMT_USERID,ICMT_CONTENT,ICMT_UPDATED_DATETIME,ICMT_NICKNAME,ICMT_DEL) 
values (4,'1',1,'id2','ㅇㅋ',to_date('18/05/10','RR/MM/DD'),null,0);
Insert into I_COMMENT (ICMT_ID,ICMT_PARENT,IPJT_ID,ICMT_USERID,ICMT_CONTENT,ICMT_UPDATED_DATETIME,ICMT_NICKNAME,ICMT_DEL) 
values (5,'2',1,'id3','ㅇㅋ',to_date('18/05/10','RR/MM/DD'),null,0);

SELECT /*insert*/ *
FROM I_STORY;
--I_STORY--

Insert into I_STORY (IPJT_ID,IPJT_STORY,IPJT_THUMBNAIL,IPJT_MESSAGE,IPJT_TAG) 
values (1,'프로젝트 스토리',null,'에디터로들어가는내용','#최고');
Insert into I_STORY (IPJT_ID,IPJT_STORY,IPJT_THUMBNAIL,IPJT_MESSAGE,IPJT_TAG) 
values (2,'프로젝트 스토리',null,'에디터로들어가는내용','#최고');
Insert into I_STORY (IPJT_ID,IPJT_STORY,IPJT_THUMBNAIL,IPJT_MESSAGE,IPJT_TAG) 
values (3,'프로젝트 스토리',null,'에디터로들어가는내용','#최고');
Insert into I_STORY (IPJT_ID,IPJT_STORY,IPJT_THUMBNAIL,IPJT_MESSAGE,IPJT_TAG) 
values (4,'프로젝트 스토리',null,'에디터로들어가는내용','#최고');

SELECT /*insert*/ *
FROM R_META;
--R_META--
Insert into R_META (RPJT_ID,RPJT_TITLE,RPJT_SUBTITLE,RINVESTING_AMOUNT,RTARGET_AMOUNT,RPJT_IMAGE,RPJT_CATEGORY,RPJT_PAPER,RPJT_STARTDAY,RPJT_ENDDAY) 
values (1,'미니헤드 선풍기 프로젝트','초소형미니헤드휴대용선풍',16800,3000000,null,'테크가전','18/05/09',to_date('18/05/27','RR/MM/DD'),null);
Insert into R_META (RPJT_ID,RPJT_TITLE,RPJT_SUBTITLE,RINVESTING_AMOUNT,RTARGET_AMOUNT,RPJT_IMAGE,RPJT_CATEGORY,RPJT_PAPER,RPJT_STARTDAY,RPJT_ENDDAY) 
values (2,'캡슐티머신','건강을마시는 메디프레소 머신',169000,3000000,null,'홈리빙','18/04/25',to_date('18/05/27','RR/MM/DD'),null);
Insert into R_META (RPJT_ID,RPJT_TITLE,RPJT_SUBTITLE,RINVESTING_AMOUNT,RTARGET_AMOUNT,RPJT_IMAGE,RPJT_CATEGORY,RPJT_PAPER,RPJT_STARTDAY,RPJT_ENDDAY) 
values (3,'알렉스텀블러','18시간 보냉되는 알렉스텀블러',59000,5000000,null,'홈리빙','18/04/24',to_date('18/05/26','RR/MM/DD'),null);
Insert into R_META (RPJT_ID,RPJT_TITLE,RPJT_SUBTITLE,RINVESTING_AMOUNT,RTARGET_AMOUNT,RPJT_IMAGE,RPJT_CATEGORY,RPJT_PAPER,RPJT_STARTDAY,RPJT_ENDDAY) 
values (4,'크코가벼운안경','크코가벼운안경 휴즈',89000,1000000,null,'디자인소품','18/05/10',to_date('18/06/08','RR/MM/DD'),null);
Insert into R_META (RPJT_ID,RPJT_TITLE,RPJT_SUBTITLE,RINVESTING_AMOUNT,RTARGET_AMOUNT,RPJT_IMAGE,RPJT_CATEGORY,RPJT_PAPER,RPJT_STARTDAY,RPJT_ENDDAY) 
values (5,'디어넛츠','견과류로만든천사의잼 디어너츠',24900,1000000,null,'푸드','18/05/30',to_date('18/06/21','RR/MM/DD'),null);

SELECT /*insert*/ *
FROM R_STORY;
--r_story--
INSERT INTO R_STORY(RPJT_ID, RPJT_URL, RPJT_PRICE, RPJT_THUMBNAIL, RPJT_MESSAGE, RPJT_STORY, RPJT_TAG, RPJT_PAPER)
VALUES(1, 'https://www.youtube.com/watch?v=D7QhSA831j8', 10000000, '1_sumnail.jpg', '스멜탄이 앵콜로 돌아왔습니다', '안녕하세요? 한 평생 화학연구를 해오신 진 교수님의 닥터진랩 연구소와 스타트업 파쉐어입니다.
실제 실생활에 쉽게 퍼져있는 냄새와 관련 유해 성분들 알고나면 방치하기 쉽지 않습니다. 
스멜탄은 가벼운 비치로 실내에 잔류해있는 악취와 유해 성분들을 강력하게 제거하여 줍니다.
악취의 유해성에 관한 이야기로 스멜탄 이야기를 시작하도록 하겠습니다.', 'HomeLiving', '교환 / 환불 / AS 정책

- 제품 하자로 인한 교환/수리 시, 발생하는 비용은 전액 메이커가 부담합니다
- 리워드 수령 7일 내 동일 증상으로 3번 이상 수리 시, 환불 가능합니다. 
- 리워드 수령 7일 이내 제품 하자로 인한 교환/수리 문의는 070-8882-2111 / funding@fashare.co.kr로 신청 가능합니다. 
- 제품 하자가 아닌 서포터님 부주의로 인한 제품 손상은 유상수리해 드립니다.
- 교환/환불/AS 요청자 정보와 서포터 정보의 일치 여부 확인 후, 진행됩니다.

※교환/환불/AS 불가능한 경우
- 서포터의 책임 있는 사유로 리워드가 멸실/훼손된 경우 (단지 확인을 위한 포장 훼손 제외)
- 서포터의 사용/소비에 의해 리워드의 가치가 감소한 경우
- 시간 경과로 인해 재판매가 곤란할 정도로 리워드의 가치가 상실한 경우
- 서포터의 단순 변심
- 메이커를 통한 교환/환불/AS 접수 절차 없이 임의로 반송한 경우
- 복제가 가능한 리워드의 포장을 훼손한 경우
- 펀딩/판매/생산방식 특성상, 교환/반품 시, 메이커에게 회복할 수 없는 손해가 발생한 경우 (펀딩마감 후, 개별 생산, 맞춤 제작 등)');

SELECT /*insert*/ *
FROM R_OPTION;
--r_option--

INSERT INTO R_OPTION(RPJT_ID, REWARD_ID, RPJT_PRICE, RPJT_NAME, RPJT_DETAIL, RPJT_LIMIT, RPJT_SEND)
VALUES (1, 10, 30000, '스멜탄 3개 세트', '스멜탄 1SET(검정/베이지/흰색 중 택1)', 50, SYSDATE);

SELECT /*insert*/ *
FROM r_post;
--r_post(리워드 게시물)

insert into r_post(rpjt_id, rpost_content, rpost_userid, rpost_datetime, RPOST_UPDATED_DATETIME)
values (1, '스멜탄 앵콜 100% 달성! 많은 성원 감사드립니다.', 'id1', sysdate, null);



SELECT /*insert*/ *
FROM r_comment;
--r_commen(리워드 댓글)t--

Insert into R_COMMENT (RCMT_ID,RCMT_PARENT,RPJT_ID,RCMT_USERID,RCMT_CONTENT,RCMT_UPDATED_DATETIME,RCMT_NICKNAME,RCMT_DEL) 
values (1,'1',1,'id1','리워드 수량 추가 좀 해주세요',to_date('18/05/26','RR/MM/DD'),'콜드블루',1);


SELECT /*insert*/ *
FROM r_keeper;
--r_keeper(리워드 게시물)

insert into r_keeper(RPJT_ID, r_name, r_profile, r_email, r_url, r_tel)
values (1, '김사또', '1_keeper.jpg', 'saddo112@daum.net', 
'youthdepot/reward/1', 01091008755);


SELECT /*insert*/ *
FROM I_REFERENCE;
--I_REFERENCE
Insert into I_REFERENCE (IPJT_ID,IPJT_DIRECTIONS,IPJT_LICENSE,IPJT_CORPORATE) 
values (1,'투자사업설명서.파일','사업자등록증파일','법인등기부등본파일');
Insert into I_REFERENCE (IPJT_ID,IPJT_DIRECTIONS,IPJT_LICENSE,IPJT_CORPORATE) 
values (2,'투자사업설명서.파일','사업자등록증파일','법인등기부등본파일');
Insert into I_REFERENCE (IPJT_ID,IPJT_DIRECTIONS,IPJT_LICENSE,IPJT_CORPORATE) 
values (3,'투자사업설명서.파일','사업자등록증파일','법인등기부등본파일');
Insert into I_REFERENCE (IPJT_ID,IPJT_DIRECTIONS,IPJT_LICENSE,IPJT_CORPORATE) 
values (4,'투자사업설명서.파일','사업자등록증파일','법인등기부등본파일');
Insert into I_REFERENCE (IPJT_ID,IPJT_DIRECTIONS,IPJT_LICENSE,IPJT_CORPORATE) 
values (5,'투자사업설명서.파일','사업자등록증파일','법인등기부등본파일');


commit;
